employee_guid,first_name,last_name,email,job_guid,job_title,job_is_tipped
2ccbc815-e1a8-409f-a080-e587e134cc16,Jordan,Bailey,94d97eb3-baca-49bc-b827-4958e6c10037@example.com,,,
4f4d451c-3fbe-4d06-b711-2e05acee2c01,Sierrah,Bartz,fcfbfb0e-a419-4e78-a4b1-2069404fc538@example.com,,,
4f4d451c-3fbe-4d06-b711-2e05acee2c01,Sierrah,Bartz,fcfbfb0e-a419-4e78-a4b1-2069404fc538@example.com,,,
4f4d451c-3fbe-4d06-b711-2e05acee2c01,Sierrah,Bartz,fcfbfb0e-a419-4e78-a4b1-2069404fc538@example.com,,,
4f4d451c-3fbe-4d06-b711-2e05acee2c01,Sierrah,Bartz,fcfbfb0e-a419-4e78-a4b1-2069404fc538@example.com,,,
4f4d451c-3fbe-4d06-b711-2e05acee2c01,Sierrah,Bartz,fcfbfb0e-a419-4e78-a4b1-2069404fc538@example.com,,,
88225c38-625f-4165-85fc-de4145eabba6,Tony,Beliel,bfcb466e-5823-41dd-b817-ad39a8a229f0@example.com,,,
88225c38-625f-4165-85fc-de4145eabba6,Tony,Beliel,bfcb466e-5823-41dd-b817-ad39a8a229f0@example.com,,,
88225c38-625f-4165-85fc-de4145eabba6,Tony,Beliel,bfcb466e-5823-41dd-b817-ad39a8a229f0@example.com,,,
88225c38-625f-4165-85fc-de4145eabba6,Tony,Beliel,bfcb466e-5823-41dd-b817-ad39a8a229f0@example.com,,,
88225c38-625f-4165-85fc-de4145eabba6,Tony,Beliel,bfcb466e-5823-41dd-b817-ad39a8a229f0@example.com,,,
9f67f0c1-b4fd-4649-954d-a709699d2410,Jillian,Boyert,66830842-c2eb-48a3-9606-006c82405555@example.com,,,
9f67f0c1-b4fd-4649-954d-a709699d2410,Jillian,Boyert,66830842-c2eb-48a3-9606-006c82405555@example.com,,,
9f67f0c1-b4fd-4649-954d-a709699d2410,Jillian,Boyert,66830842-c2eb-48a3-9606-006c82405555@example.com,,,
9f67f0c1-b4fd-4649-954d-a709699d2410,Jillian,Boyert,66830842-c2eb-48a3-9606-006c82405555@example.com,,,
9f67f0c1-b4fd-4649-954d-a709699d2410,Jillian,Boyert,66830842-c2eb-48a3-9606-006c82405555@example.com,,,
2e3e8522-112a-4bd4-94c1-e5b50473647e,Alex,Cheatham,b687d443-0eda-41fc-a97a-d5c1d7061bf4@example.com,,,
2e3e8522-112a-4bd4-94c1-e5b50473647e,Alex,Cheatham,b687d443-0eda-41fc-a97a-d5c1d7061bf4@example.com,,,
3e3480d2-2348-464a-81bc-5eeed7482b91,Zoey,Dixon,92b1e9a9-8567-4b4c-9ba9-447296fafe3c@example.com,,,
133a0147-f398-430c-9461-bdc06a4f80ea,Chloe,Emley,b80a0c9d-8efd-4eb4-a3b5-3b491026e068@example.com,,,
133a0147-f398-430c-9461-bdc06a4f80ea,Chloe,Emley,b80a0c9d-8efd-4eb4-a3b5-3b491026e068@example.com,,,
133a0147-f398-430c-9461-bdc06a4f80ea,Chloe,Emley,b80a0c9d-8efd-4eb4-a3b5-3b491026e068@example.com,,,
133a0147-f398-430c-9461-bdc06a4f80ea,Chloe,Emley,b80a0c9d-8efd-4eb4-a3b5-3b491026e068@example.com,,,
133a0147-f398-430c-9461-bdc06a4f80ea,Chloe,Emley,b80a0c9d-8efd-4eb4-a3b5-3b491026e068@example.com,,,
86c90e93-d5ac-4214-9b28-cd5837572cf0,Kyler,Gabriel,c3390018-b3aa-400e-91b5-650d4693cd5f@example.com,,,
86c90e93-d5ac-4214-9b28-cd5837572cf0,Kyler,Gabriel,c3390018-b3aa-400e-91b5-650d4693cd5f@example.com,,,
86c90e93-d5ac-4214-9b28-cd5837572cf0,Kyler,Gabriel,c3390018-b3aa-400e-91b5-650d4693cd5f@example.com,,,
86c90e93-d5ac-4214-9b28-cd5837572cf0,Kyler,Gabriel,c3390018-b3aa-400e-91b5-650d4693cd5f@example.com,,,
86c90e93-d5ac-4214-9b28-cd5837572cf0,Kyler,Gabriel,c3390018-b3aa-400e-91b5-650d4693cd5f@example.com,,,
86c90e93-d5ac-4214-9b28-cd5837572cf0,Kyler,Gabriel,c3390018-b3aa-400e-91b5-650d4693cd5f@example.com,,,
06576cce-ab13-410c-8d19-877d786cd202,Kelly,Hooper,95ac7564-be38-4528-9559-06a15804e061@example.com,,,
06576cce-ab13-410c-8d19-877d786cd202,Kelly,Hooper,95ac7564-be38-4528-9559-06a15804e061@example.com,,,
06576cce-ab13-410c-8d19-877d786cd202,Kelly,Hooper,95ac7564-be38-4528-9559-06a15804e061@example.com,,,
06576cce-ab13-410c-8d19-877d786cd202,Kelly,Hooper,95ac7564-be38-4528-9559-06a15804e061@example.com,,,
06576cce-ab13-410c-8d19-877d786cd202,Kelly,Hooper,95ac7564-be38-4528-9559-06a15804e061@example.com,,,
b91a5a5c-ba8a-42b4-8c10-085e4bf6ce3b,John,Hostetler,d6b02ead-9d13-4d65-84e8-0b778ec0cfdc@example.com,,,
dfcb76d0-733f-40be-ae1b-f8e161553544,Rick,Huntsman,f565e61d-bba0-4e1c-9d1d-78e15972d379@example.com,,,
dfcb76d0-733f-40be-ae1b-f8e161553544,Rick,Huntsman,f565e61d-bba0-4e1c-9d1d-78e15972d379@example.com,,,
dfcb76d0-733f-40be-ae1b-f8e161553544,Rick,Huntsman,f565e61d-bba0-4e1c-9d1d-78e15972d379@example.com,,,
dfcb76d0-733f-40be-ae1b-f8e161553544,Rick,Huntsman,f565e61d-bba0-4e1c-9d1d-78e15972d379@example.com,,,
dfcb76d0-733f-40be-ae1b-f8e161553544,Rick,Huntsman,f565e61d-bba0-4e1c-9d1d-78e15972d379@example.com,,,
a68b7a9e-d052-4590-8bd9-e63d633ff3f4,Eli,Kelley,7ccc771c-942b-4372-bf5f-6add8d7fd93a@example.com,,,
a68b7a9e-d052-4590-8bd9-e63d633ff3f4,Eli,Kelley,7ccc771c-942b-4372-bf5f-6add8d7fd93a@example.com,,,
a68b7a9e-d052-4590-8bd9-e63d633ff3f4,Eli,Kelley,7ccc771c-942b-4372-bf5f-6add8d7fd93a@example.com,,,
971eebfc-9498-4f8d-90c2-acedea65e46d,Anthony,Lochiro,c59f5c97-56e1-45e3-b0cd-399ddf94f786@example.com,,,
971eebfc-9498-4f8d-90c2-acedea65e46d,Anthony,Lochiro,c59f5c97-56e1-45e3-b0cd-399ddf94f786@example.com,,,
971eebfc-9498-4f8d-90c2-acedea65e46d,Anthony,Lochiro,c59f5c97-56e1-45e3-b0cd-399ddf94f786@example.com,,,
971eebfc-9498-4f8d-90c2-acedea65e46d,Anthony,Lochiro,c59f5c97-56e1-45e3-b0cd-399ddf94f786@example.com,,,
971eebfc-9498-4f8d-90c2-acedea65e46d,Anthony,Lochiro,c59f5c97-56e1-45e3-b0cd-399ddf94f786@example.com,,,
971eebfc-9498-4f8d-90c2-acedea65e46d,Anthony,Lochiro,c59f5c97-56e1-45e3-b0cd-399ddf94f786@example.com,,,
971eebfc-9498-4f8d-90c2-acedea65e46d,Anthony,Lochiro,c59f5c97-56e1-45e3-b0cd-399ddf94f786@example.com,,,
625ab33e-d603-4c01-b4a6-0663e8f9b673,Andrew,Loges,087e559d-110c-4185-8f38-e03428651d28@example.com,,,
625ab33e-d603-4c01-b4a6-0663e8f9b673,Andrew,Loges,087e559d-110c-4185-8f38-e03428651d28@example.com,,,
625ab33e-d603-4c01-b4a6-0663e8f9b673,Andrew,Loges,087e559d-110c-4185-8f38-e03428651d28@example.com,,,
625ab33e-d603-4c01-b4a6-0663e8f9b673,Andrew,Loges,087e559d-110c-4185-8f38-e03428651d28@example.com,,,
625ab33e-d603-4c01-b4a6-0663e8f9b673,Andrew,Loges,087e559d-110c-4185-8f38-e03428651d28@example.com,,,
847b4b9e-13f5-4c43-bd6f-cdfacd7b8aaf,George,Long,f8f855a6-e0da-4cf9-b27e-7eff21540141@example.com,,,
847b4b9e-13f5-4c43-bd6f-cdfacd7b8aaf,George,Long,f8f855a6-e0da-4cf9-b27e-7eff21540141@example.com,,,
847b4b9e-13f5-4c43-bd6f-cdfacd7b8aaf,George,Long,f8f855a6-e0da-4cf9-b27e-7eff21540141@example.com,,,
847b4b9e-13f5-4c43-bd6f-cdfacd7b8aaf,George,Long,f8f855a6-e0da-4cf9-b27e-7eff21540141@example.com,,,
847b4b9e-13f5-4c43-bd6f-cdfacd7b8aaf,George,Long,f8f855a6-e0da-4cf9-b27e-7eff21540141@example.com,,,
5eb74ca0-b2f4-4186-92d7-fbf89d389ee1,Carla,Lupardis,c5d2a38b-7ea1-4429-90f0-3e1529e68b22@example.com,,,
5eb74ca0-b2f4-4186-92d7-fbf89d389ee1,Carla,Lupardis,c5d2a38b-7ea1-4429-90f0-3e1529e68b22@example.com,,,
5eb74ca0-b2f4-4186-92d7-fbf89d389ee1,Carla,Lupardis,c5d2a38b-7ea1-4429-90f0-3e1529e68b22@example.com,,,
5eb74ca0-b2f4-4186-92d7-fbf89d389ee1,Carla,Lupardis,c5d2a38b-7ea1-4429-90f0-3e1529e68b22@example.com,,,
5eb74ca0-b2f4-4186-92d7-fbf89d389ee1,Carla,Lupardis,c5d2a38b-7ea1-4429-90f0-3e1529e68b22@example.com,,,
fb98b226-fb59-49d9-a8f9-dd572c3848fe,Alexis,Mullins,5ea9db7c-1ed5-42fb-9821-3f6daccc990a@example.com,,,
fb98b226-fb59-49d9-a8f9-dd572c3848fe,Alexis,Mullins,5ea9db7c-1ed5-42fb-9821-3f6daccc990a@example.com,,,
fb98b226-fb59-49d9-a8f9-dd572c3848fe,Alexis,Mullins,5ea9db7c-1ed5-42fb-9821-3f6daccc990a@example.com,,,
fb98b226-fb59-49d9-a8f9-dd572c3848fe,Alexis,Mullins,5ea9db7c-1ed5-42fb-9821-3f6daccc990a@example.com,,,
fb98b226-fb59-49d9-a8f9-dd572c3848fe,Alexis,Mullins,5ea9db7c-1ed5-42fb-9821-3f6daccc990a@example.com,,,
fb98b226-fb59-49d9-a8f9-dd572c3848fe,Alexis,Mullins,5ea9db7c-1ed5-42fb-9821-3f6daccc990a@example.com,,,
fb98b226-fb59-49d9-a8f9-dd572c3848fe,Alexis,Mullins,5ea9db7c-1ed5-42fb-9821-3f6daccc990a@example.com,,,
fb98b226-fb59-49d9-a8f9-dd572c3848fe,Alexis,Mullins,5ea9db7c-1ed5-42fb-9821-3f6daccc990a@example.com,,,
358cb5d5-66c3-46a8-840e-ed0fff717402,Amber,Stone,ddc72303-ed2f-41d1-998e-1fd140a2770f@example.com,,,
358cb5d5-66c3-46a8-840e-ed0fff717402,Amber,Stone,ddc72303-ed2f-41d1-998e-1fd140a2770f@example.com,,,
358cb5d5-66c3-46a8-840e-ed0fff717402,Amber,Stone,ddc72303-ed2f-41d1-998e-1fd140a2770f@example.com,,,
358cb5d5-66c3-46a8-840e-ed0fff717402,Amber,Stone,ddc72303-ed2f-41d1-998e-1fd140a2770f@example.com,,,
872e9f58-5d09-4fa6-88e4-0573a2297b2a,Ashton,Widaman,e20efe7e-6325-45c0-88ba-00a22fbfb5ec@example.com,,,
872e9f58-5d09-4fa6-88e4-0573a2297b2a,Ashton,Widaman,e20efe7e-6325-45c0-88ba-00a22fbfb5ec@example.com,,,
4fd53aea-c1de-47b3-93ee-0d0be717672c,Boston,Stark,58eb0e1b-0c09-461a-a588-2dc0ad667c37@example.com,,,
4fd53aea-c1de-47b3-93ee-0d0be717672c,Boston,Stark,58eb0e1b-0c09-461a-a588-2dc0ad667c37@example.com,,,
4fd53aea-c1de-47b3-93ee-0d0be717672c,Boston,Stark,58eb0e1b-0c09-461a-a588-2dc0ad667c37@example.com,,,
4fd53aea-c1de-47b3-93ee-0d0be717672c,Boston,Stark,58eb0e1b-0c09-461a-a588-2dc0ad667c37@example.com,,,
9ed3f485-c521-424c-b5cf-66e63c1edc48,Bryan,Allison,f74dcaca-a561-4417-8475-53beaca22682@example.com,,,
c5a962fa-f79a-48f8-9fdf-5df77b151a2c,Carlos,Sebastian,bfdafab5-a146-432b-8d2e-da92ae4b37d5@example.com,,,
0d21fec2-75a4-400c-aa15-9b84d8fcd64a,David,Baldwin,a2db08d7-bc35-4f20-ba47-280ec2509ae6@example.com,,,
715bc609-4611-48ae-bcf6-697883b058cb,Dominique,Taylor,751a706e-eea6-4b09-a93e-86bd0f1ef7d2@example.com,,,
715bc609-4611-48ae-bcf6-697883b058cb,Dominique,Taylor,751a706e-eea6-4b09-a93e-86bd0f1ef7d2@example.com,,,
715bc609-4611-48ae-bcf6-697883b058cb,Dominique,Taylor,751a706e-eea6-4b09-a93e-86bd0f1ef7d2@example.com,,,
4c189e45-8d1b-4f8e-bac4-38c2331fd113,Evan,Birdno,344aab4f-2d89-47f5-b398-8e9a997517a3@example.com,,,
4c189e45-8d1b-4f8e-bac4-38c2331fd113,Evan,Birdno,344aab4f-2d89-47f5-b398-8e9a997517a3@example.com,,,
4c189e45-8d1b-4f8e-bac4-38c2331fd113,Evan,Birdno,344aab4f-2d89-47f5-b398-8e9a997517a3@example.com,,,
4c189e45-8d1b-4f8e-bac4-38c2331fd113,Evan,Birdno,344aab4f-2d89-47f5-b398-8e9a997517a3@example.com,,,
4c189e45-8d1b-4f8e-bac4-38c2331fd113,Evan,Birdno,344aab4f-2d89-47f5-b398-8e9a997517a3@example.com,,,
a5705c61-a830-4bb0-b4bd-557201aeb557,Gregory,Maples,97bbe06e-6b97-45fc-813c-e7aebfde46bc@example.com,,,
a5705c61-a830-4bb0-b4bd-557201aeb557,Gregory,Maples,97bbe06e-6b97-45fc-813c-e7aebfde46bc@example.com,,,
a5705c61-a830-4bb0-b4bd-557201aeb557,Gregory,Maples,97bbe06e-6b97-45fc-813c-e7aebfde46bc@example.com,,,
a5705c61-a830-4bb0-b4bd-557201aeb557,Gregory,Maples,97bbe06e-6b97-45fc-813c-e7aebfde46bc@example.com,,,
a5705c61-a830-4bb0-b4bd-557201aeb557,Gregory,Maples,97bbe06e-6b97-45fc-813c-e7aebfde46bc@example.com,,,
a5705c61-a830-4bb0-b4bd-557201aeb557,Gregory,Maples,97bbe06e-6b97-45fc-813c-e7aebfde46bc@example.com,,,
6cdd6618-f3d5-434f-9620-2344c6499924,Jacob,Williams,dbcc7d88-7d0e-4048-9a5a-ab748e03ac18@example.com,,,
d2eee278-3654-4206-93cd-66f2530bc667,Jeremy,Stone,5e8316bd-12e2-468f-bba4-92de970da58b@example.com,,,
d2eee278-3654-4206-93cd-66f2530bc667,Jeremy,Stone,5e8316bd-12e2-468f-bba4-92de970da58b@example.com,,,
d2eee278-3654-4206-93cd-66f2530bc667,Jeremy,Stone,5e8316bd-12e2-468f-bba4-92de970da58b@example.com,,,
d2eee278-3654-4206-93cd-66f2530bc667,Jeremy,Stone,5e8316bd-12e2-468f-bba4-92de970da58b@example.com,,,
4ab56968-efca-4888-bfe0-aa6653c68717,Justin,Adams,2417ef89-ba9b-4e4a-822a-15911ec27d21@example.com,,,
4ab56968-efca-4888-bfe0-aa6653c68717,Justin,Adams,2417ef89-ba9b-4e4a-822a-15911ec27d21@example.com,,,
612b3d94-6113-40ba-8fa6-de62cbdf7dd2,Kolby,Wederhausen,0771dd5e-88e5-4ff2-bd2d-37407336e951@example.com,,,
2362fa60-ed36-498d-8e0b-86d76a7b34e3,Laura,Stark,0a5bce4e-2778-44c2-9c02-9b792ebed81c@example.com,,,
2362fa60-ed36-498d-8e0b-86d76a7b34e3,Laura,Stark,0a5bce4e-2778-44c2-9c02-9b792ebed81c@example.com,,,
e2b0604d-bcbd-4b70-97ec-2608adb50de3,Logan,Spratley,a7c90b73-098f-4bc7-8fbb-42e1fd6d08ef@example.com,,,
7461edd5-98ab-4c7f-aa39-66dc7cd4080c,Maxwell,Vernon,ddb63261-cdee-4b8c-8c87-e59e92beb644@example.com,,,
7461edd5-98ab-4c7f-aa39-66dc7cd4080c,Maxwell,Vernon,ddb63261-cdee-4b8c-8c87-e59e92beb644@example.com,,,
7461edd5-98ab-4c7f-aa39-66dc7cd4080c,Maxwell,Vernon,ddb63261-cdee-4b8c-8c87-e59e92beb644@example.com,,,
32981708-e83e-4e25-91e8-5d26629bee9a,Meghan,Milligan,60fc2b51-4b47-4d53-a8b9-519df3560fb3@example.com,,,
32981708-e83e-4e25-91e8-5d26629bee9a,Meghan,Milligan,60fc2b51-4b47-4d53-a8b9-519df3560fb3@example.com,,,
32981708-e83e-4e25-91e8-5d26629bee9a,Meghan,Milligan,60fc2b51-4b47-4d53-a8b9-519df3560fb3@example.com,,,
32981708-e83e-4e25-91e8-5d26629bee9a,Meghan,Milligan,60fc2b51-4b47-4d53-a8b9-519df3560fb3@example.com,,,
32981708-e83e-4e25-91e8-5d26629bee9a,Meghan,Milligan,60fc2b51-4b47-4d53-a8b9-519df3560fb3@example.com,,,
32981708-e83e-4e25-91e8-5d26629bee9a,Meghan,Milligan,60fc2b51-4b47-4d53-a8b9-519df3560fb3@example.com,,,
32981708-e83e-4e25-91e8-5d26629bee9a,Meghan,Milligan,60fc2b51-4b47-4d53-a8b9-519df3560fb3@example.com,,,
71af87e1-05eb-4881-ad82-756dc630da03,Nancy,Newland,34317895-9ca5-4618-a809-b45fbb3e445a@example.com,,,
71af87e1-05eb-4881-ad82-756dc630da03,Nancy,Newland,34317895-9ca5-4618-a809-b45fbb3e445a@example.com,,,
71af87e1-05eb-4881-ad82-756dc630da03,Nancy,Newland,34317895-9ca5-4618-a809-b45fbb3e445a@example.com,,,
c2829103-b1d6-48c9-902b-107ebb420a59,Zachary,Green,c243c6b2-e0e3-4eb5-88eb-f2448681093c@example.com,,,
5251bac8-7d3d-4fe7-9cd9-2878ab33e515,Sheryl,Moore,ef2a851a-0b97-4d88-b2d3-47f986b7e1fb@example.com,,,
5251bac8-7d3d-4fe7-9cd9-2878ab33e515,Sheryl,Moore,ef2a851a-0b97-4d88-b2d3-47f986b7e1fb@example.com,,,
5251bac8-7d3d-4fe7-9cd9-2878ab33e515,Sheryl,Moore,ef2a851a-0b97-4d88-b2d3-47f986b7e1fb@example.com,,,
5251bac8-7d3d-4fe7-9cd9-2878ab33e515,Sheryl,Moore,ef2a851a-0b97-4d88-b2d3-47f986b7e1fb@example.com,,,
5251bac8-7d3d-4fe7-9cd9-2878ab33e515,Sheryl,Moore,ef2a851a-0b97-4d88-b2d3-47f986b7e1fb@example.com,,,
13a36f7e-65a7-4775-bcb3-ed90d3c4e9e1,Owen,Onstott,d9448f89-8a6a-4cdd-9d01-c0b787c8373f@example.com,,,
13a36f7e-65a7-4775-bcb3-ed90d3c4e9e1,Owen,Onstott,d9448f89-8a6a-4cdd-9d01-c0b787c8373f@example.com,,,
13a36f7e-65a7-4775-bcb3-ed90d3c4e9e1,Owen,Onstott,d9448f89-8a6a-4cdd-9d01-c0b787c8373f@example.com,,,
13a36f7e-65a7-4775-bcb3-ed90d3c4e9e1,Owen,Onstott,d9448f89-8a6a-4cdd-9d01-c0b787c8373f@example.com,,,
13a36f7e-65a7-4775-bcb3-ed90d3c4e9e1,Owen,Onstott,d9448f89-8a6a-4cdd-9d01-c0b787c8373f@example.com,,,
e9e3f1c7-7f0e-478b-8266-4bac83bc66da,Roy,Prindle,3c68ad28-5bb0-46a0-8a54-c7b01cc0a68f@example.com,,,
8573b5e5-297f-4c02-ac1a-72d7af539ece,Olivia,Rolfes,b7b8fc37-8c3e-435c-9190-37719196fdd5@example.com,,,
8573b5e5-297f-4c02-ac1a-72d7af539ece,Olivia,Rolfes,b7b8fc37-8c3e-435c-9190-37719196fdd5@example.com,,,
8573b5e5-297f-4c02-ac1a-72d7af539ece,Olivia,Rolfes,b7b8fc37-8c3e-435c-9190-37719196fdd5@example.com,,,
8573b5e5-297f-4c02-ac1a-72d7af539ece,Olivia,Rolfes,b7b8fc37-8c3e-435c-9190-37719196fdd5@example.com,,,
8573b5e5-297f-4c02-ac1a-72d7af539ece,Olivia,Rolfes,b7b8fc37-8c3e-435c-9190-37719196fdd5@example.com,,,
bcfd2274-587b-46a4-b301-fd4c44c264fc,Peyton,Surface,b1d2cfe3-189d-43db-90d1-eb32c8b1486b@example.com,,,
a924ec20-e001-4b15-9cbf-c1cd8f35da6c,Tristan,Weyer,50ddd1b6-a9fb-4804-a23f-a0d3e42f28e6@example.com,,,
a543f841-0881-4790-afdb-d715a35d1bbe,Vanessa,Witt,d2b68a37-c007-4dc8-974e-08b47359dc92@example.com,,,
a543f841-0881-4790-afdb-d715a35d1bbe,Vanessa,Witt,d2b68a37-c007-4dc8-974e-08b47359dc92@example.com,,,
a543f841-0881-4790-afdb-d715a35d1bbe,Vanessa,Witt,d2b68a37-c007-4dc8-974e-08b47359dc92@example.com,,,
a543f841-0881-4790-afdb-d715a35d1bbe,Vanessa,Witt,d2b68a37-c007-4dc8-974e-08b47359dc92@example.com,,,
a543f841-0881-4790-afdb-d715a35d1bbe,Vanessa,Witt,d2b68a37-c007-4dc8-974e-08b47359dc92@example.com,,,
196c7e6f-52cf-420e-ab43-73def17bc05c,Arauz,India,indiaarauz@gmail.com,,,
d4552679-7d5a-4c81-b4ee-6006700d8169,Elijah,Rivera,elijahrivera55@outlook.com,,,
d4552679-7d5a-4c81-b4ee-6006700d8169,Elijah,Rivera,elijahrivera55@outlook.com,,,
d4552679-7d5a-4c81-b4ee-6006700d8169,Elijah,Rivera,elijahrivera55@outlook.com,,,
e1c07717-649f-4f9a-96eb-439217b5c42b,Heidi,Hofmann Wall ,heidie1@hotmail.com,,,
e1c07717-649f-4f9a-96eb-439217b5c42b,Heidi,Hofmann Wall ,heidie1@hotmail.com,,,
e1c07717-649f-4f9a-96eb-439217b5c42b,Heidi,Hofmann Wall ,heidie1@hotmail.com,,,
e1c07717-649f-4f9a-96eb-439217b5c42b,Heidi,Hofmann Wall ,heidie1@hotmail.com,,,
e1c07717-649f-4f9a-96eb-439217b5c42b,Heidi,Hofmann Wall ,heidie1@hotmail.com,,,
b086557f-8ab9-4309-9628-0754c2437812,Brittany,Hunsinger,brittanyhunsinger28@gmail.com,,,
b086557f-8ab9-4309-9628-0754c2437812,Brittany,Hunsinger,brittanyhunsinger28@gmail.com,,,
b086557f-8ab9-4309-9628-0754c2437812,Brittany,Hunsinger,brittanyhunsinger28@gmail.com,,,
8d9e2937-8441-4bb4-acba-565a0b2c18f7,Lindsay,Ramirez-Garcia,lindsayram08@icloud.com,,,
8d9e2937-8441-4bb4-acba-565a0b2c18f7,Lindsay,Ramirez-Garcia,lindsayram08@icloud.com,,,
e04a7c7d-006f-44b0-858f-d5fd4007b7eb,Rylan,Stark,rylanstark51308@gmail.com,,,
e04a7c7d-006f-44b0-858f-d5fd4007b7eb,Rylan,Stark,rylanstark51308@gmail.com,,,
62349ffd-fd4d-4c50-9dba-53bd79b72cb5,Enemesio,Juarez,4a263bae-37bc-421a-a14e-40f8b688d3e7@example.com,,,
fb3de874-5142-4dc1-bc26-643a40e0fd46,Samuel,Rivera,sammyr31944@gmail.com,,,
2b013688-29f3-45f2-b87b-90e5b754dd3b,Kelly,Strong,letitbestrong@gmail.com,,,
2b013688-29f3-45f2-b87b-90e5b754dd3b,Kelly,Strong,letitbestrong@gmail.com,,,
2b013688-29f3-45f2-b87b-90e5b754dd3b,Kelly,Strong,letitbestrong@gmail.com,,,
971fd82c-1963-439b-b243-800866a18b52,Kamill,Burch,kaburch05@gmail.com,,,
7f40ac9d-e7bd-4afc-bb42-c7fe2674909e,Abigail,Newman,abbynewman@gmail.com,,,
7d29e310-eec5-4f91-89f1-a98e18dfff57,Megan,Nevins,meganknevins05@gmail.com,,,
7d29e310-eec5-4f91-89f1-a98e18dfff57,Megan,Nevins,meganknevins05@gmail.com,,,
7d29e310-eec5-4f91-89f1-a98e18dfff57,Megan,Nevins,meganknevins05@gmail.com,,,
f20c1761-a369-4c8b-9408-4748cf750d84,Melissa,Seng,mseng33@gmail.com,,,
82baa56e-92d1-44b7-9041-7dc9d2e34b54,Aiden,Hoots,aidenhoots23@gmail.com,,,
82baa56e-92d1-44b7-9041-7dc9d2e34b54,Aiden,Hoots,aidenhoots23@gmail.com,,,
90fcb50f-4e7e-45ce-951f-e911b63f98be,Megan,Shank,mshank1999@gmail.com,,,
90fcb50f-4e7e-45ce-951f-e911b63f98be,Megan,Shank,mshank1999@gmail.com,,,
90fcb50f-4e7e-45ce-951f-e911b63f98be,Megan,Shank,mshank1999@gmail.com,,,
90fcb50f-4e7e-45ce-951f-e911b63f98be,Megan,Shank,mshank1999@gmail.com,,,
7c5be694-ea69-4d21-a8ee-882dc243e421,Ian,Hanson,144abe24-9ddd-45d3-8fac-67f1b4505442@example.com,,,
5f747faf-7e01-4dee-8542-f91addfe792b,James,Hanson,5dcd429d-ab3b-4864-8bd7-ec95f712e5dd@example.com,,,
5f747faf-7e01-4dee-8542-f91addfe792b,James,Hanson,5dcd429d-ab3b-4864-8bd7-ec95f712e5dd@example.com,,,
c1f6f252-1459-4825-9c14-61c5584857f9,Tiffany,Smith,tiffanyjo1219@gmail.com,,,
c1f6f252-1459-4825-9c14-61c5584857f9,Tiffany,Smith,tiffanyjo1219@gmail.com,,,
c1f6f252-1459-4825-9c14-61c5584857f9,Tiffany,Smith,tiffanyjo1219@gmail.com,,,
f454c5ce-121a-42ad-8476-a6efc9569438,Shelby,Bethards,shelby_bethards@yahoo.com,,,
f454c5ce-121a-42ad-8476-a6efc9569438,Shelby,Bethards,shelby_bethards@yahoo.com,,,
f454c5ce-121a-42ad-8476-a6efc9569438,Shelby,Bethards,shelby_bethards@yahoo.com,,,
fa3b529c-9ecc-44ac-a606-3d788da94b05,Tyler,Wohlgemut,tylerwohlgemut@gmail.com,,,
bf055b50-4e68-43e7-9953-c8251733d0f6,Corin,Davis,d7798acb-b068-4936-b506-5c25a34d2107@example.com,,,
e48899bc-bada-42f2-a672-968965ded6d4,Sarah,Metcalf,6bcc948d-8a9f-4062-92f2-54d5161a7580@example.com,,,
e48899bc-bada-42f2-a672-968965ded6d4,Sarah,Metcalf,6bcc948d-8a9f-4062-92f2-54d5161a7580@example.com,,,
e48899bc-bada-42f2-a672-968965ded6d4,Sarah,Metcalf,6bcc948d-8a9f-4062-92f2-54d5161a7580@example.com,,,
e48899bc-bada-42f2-a672-968965ded6d4,Sarah,Metcalf,6bcc948d-8a9f-4062-92f2-54d5161a7580@example.com,,,
22bba777-4a93-488f-bb59-36b32b92281f,Gabriella,Prushko,gabbyp2233@gmail.com,,,
22bba777-4a93-488f-bb59-36b32b92281f,Gabriella,Prushko,gabbyp2233@gmail.com,,,
acad1afe-9928-4294-b2e9-0042ec2ea888,Emily,Smith,8fa12ede-0867-4506-b1c8-cb0cbed2acb0@example.com,,,
acad1afe-9928-4294-b2e9-0042ec2ea888,Emily,Smith,8fa12ede-0867-4506-b1c8-cb0cbed2acb0@example.com,,,
acad1afe-9928-4294-b2e9-0042ec2ea888,Emily,Smith,8fa12ede-0867-4506-b1c8-cb0cbed2acb0@example.com,,,
68981b03-40c0-4ced-b635-c0d6f400a0e8,testy,tester,a5365c1c-7bac-492f-beeb-1eeb1bb9c650@example.com,,,
68981b03-40c0-4ced-b635-c0d6f400a0e8,testy,tester,a5365c1c-7bac-492f-beeb-1eeb1bb9c650@example.com,,,
cc047911-3c9d-4f77-a028-f35f55a46884,Emma,Bickell,38689bcf-e08f-485c-b2c3-569255886513@example.com,,,
d529b432-dce0-485e-8b67-f3bb8c39117f,Jesse,Wall,2602d1f3-8e8e-4c1f-acad-0efe29269bd5@example.com,,,
d529b432-dce0-485e-8b67-f3bb8c39117f,Jesse,Wall,2602d1f3-8e8e-4c1f-acad-0efe29269bd5@example.com,,,
edb382a9-bac6-416d-a170-3e82a3b2f683,Abygayle,Adams,707c0646-f970-4eac-8f2f-c7687e5ffe0e@example.com,,,
edb382a9-bac6-416d-a170-3e82a3b2f683,Abygayle,Adams,707c0646-f970-4eac-8f2f-c7687e5ffe0e@example.com,,,
8443854b-80f5-43f9-befa-8f1c539fbab9,Alyssa,Gabriel,agabriel044@icloud.com,,,
8443854b-80f5-43f9-befa-8f1c539fbab9,Alyssa,Gabriel,agabriel044@icloud.com,,,
8443854b-80f5-43f9-befa-8f1c539fbab9,Alyssa,Gabriel,agabriel044@icloud.com,,,
8e7664da-576f-4005-8b24-57e919e95efd,Andrew ,Cunningham,842bf41f-096b-40c6-b426-132b463fdce5@example.com,,,
02364d74-2b97-4115-b220-4c3a7203cdfa,Baran,Yetgin,baranyetgin1059@gmail.com,,,
68f52181-bb24-461d-9b92-b721a7325972,Brandon,Beck,3ac5cd5a-f083-49f2-b214-94132fc7c47d@example.com,,,
6b17462e-b18a-4a06-87df-3b8b84fb8d1d,Brendan,Wilson,brendanaw75@gmail.com,,,
6b17462e-b18a-4a06-87df-3b8b84fb8d1d,Brendan,Wilson,brendanaw75@gmail.com,,,
c5b263a0-a0f6-4e27-a4c3-978f26f9585c,Charles,Kemmerling,4af57d24-1253-4540-9a59-88416174b323@example.com,,,
c5b263a0-a0f6-4e27-a4c3-978f26f9585c,Charles,Kemmerling,4af57d24-1253-4540-9a59-88416174b323@example.com,,,
d7a64211-69ca-4940-a3a9-fd0777f50453,Chuck,Vernon,chuck@jbhooks.com,,,
52394d75-dd5c-412f-a2d2-c5302208e2bd,David,Cole,coleconstruction2021@gmail.com,,,
e8e5d4a5-7f69-4edb-999d-230b1632e880,David,Cunningham,ae3e4772-53f6-4f3b-b63d-4a6446d64fa5@example.com,,,
01c3e0f5-c959-4c11-8af1-8231364302a9,Eleonore,Fischer,473f4206-571a-4fd4-ab72-969d808db41c@example.com,,,
01c3e0f5-c959-4c11-8af1-8231364302a9,Eleonore,Fischer,473f4206-571a-4fd4-ab72-969d808db41c@example.com,,,
01c3e0f5-c959-4c11-8af1-8231364302a9,Eleonore,Fischer,473f4206-571a-4fd4-ab72-969d808db41c@example.com,,,
01c3e0f5-c959-4c11-8af1-8231364302a9,Eleonore,Fischer,473f4206-571a-4fd4-ab72-969d808db41c@example.com,,,
01c3e0f5-c959-4c11-8af1-8231364302a9,Eleonore,Fischer,473f4206-571a-4fd4-ab72-969d808db41c@example.com,,,
1d003af2-e83f-4474-bb99-d3454060efaf,Kallan,Gordy,d4002deb-0326-4645-a117-b64e911d4af8@example.com,,,
a9c4c453-da53-4d40-916d-05ab0cedf39d,Hannah,Carlson,hannahjmc2015@gmail.com,,,
a9c4c453-da53-4d40-916d-05ab0cedf39d,Hannah,Carlson,hannahjmc2015@gmail.com,,,
a9c4c453-da53-4d40-916d-05ab0cedf39d,Hannah,Carlson,hannahjmc2015@gmail.com,,,
9cd48cec-6978-49b2-a6e6-af2fe10056a7,James,Phillips,jamesfphillips516@gmail.com,,,
9cd48cec-6978-49b2-a6e6-af2fe10056a7,James,Phillips,jamesfphillips516@gmail.com,,,
9cd48cec-6978-49b2-a6e6-af2fe10056a7,James,Phillips,jamesfphillips516@gmail.com,,,
9cd48cec-6978-49b2-a6e6-af2fe10056a7,James,Phillips,jamesfphillips516@gmail.com,,,
6616e563-7186-4501-93e5-6e2f3e976022,Mary,Widaman,7fd67164-fc1c-4a6f-88cd-a8e8ce914253@example.com,,,
6616e563-7186-4501-93e5-6e2f3e976022,Mary,Widaman,7fd67164-fc1c-4a6f-88cd-a8e8ce914253@example.com,,,
6616e563-7186-4501-93e5-6e2f3e976022,Mary,Widaman,7fd67164-fc1c-4a6f-88cd-a8e8ce914253@example.com,,,
6616e563-7186-4501-93e5-6e2f3e976022,Mary,Widaman,7fd67164-fc1c-4a6f-88cd-a8e8ce914253@example.com,,,
6616e563-7186-4501-93e5-6e2f3e976022,Mary,Widaman,7fd67164-fc1c-4a6f-88cd-a8e8ce914253@example.com,,,
6616e563-7186-4501-93e5-6e2f3e976022,Mary,Widaman,7fd67164-fc1c-4a6f-88cd-a8e8ce914253@example.com,,,
6616e563-7186-4501-93e5-6e2f3e976022,Mary,Widaman,7fd67164-fc1c-4a6f-88cd-a8e8ce914253@example.com,,,
0afff25a-3959-489e-97be-d29f5ada3786,Jerry,Lovelis,jerrylovelis@gmail.com,,,
0afff25a-3959-489e-97be-d29f5ada3786,Jerry,Lovelis,jerrylovelis@gmail.com,,,
0afff25a-3959-489e-97be-d29f5ada3786,Jerry,Lovelis,jerrylovelis@gmail.com,,,
0afff25a-3959-489e-97be-d29f5ada3786,Jerry,Lovelis,jerrylovelis@gmail.com,,,
0afff25a-3959-489e-97be-d29f5ada3786,Jerry,Lovelis,jerrylovelis@gmail.com,,,
0afff25a-3959-489e-97be-d29f5ada3786,Jerry,Lovelis,jerrylovelis@gmail.com,,,
0afff25a-3959-489e-97be-d29f5ada3786,Jerry,Lovelis,jerrylovelis@gmail.com,,,
0afff25a-3959-489e-97be-d29f5ada3786,Jerry,Lovelis,jerrylovelis@gmail.com,,,
5dbbb3fa-0eea-453a-ab83-36cc06feb101,Jesse,George,jesse.george6002@gmail.com,,,
5dbbb3fa-0eea-453a-ab83-36cc06feb101,Jesse,George,jesse.george6002@gmail.com,,,
5dbbb3fa-0eea-453a-ab83-36cc06feb101,Jesse,George,jesse.george6002@gmail.com,,,
5dbbb3fa-0eea-453a-ab83-36cc06feb101,Jesse,George,jesse.george6002@gmail.com,,,
5dbbb3fa-0eea-453a-ab83-36cc06feb101,Jesse,George,jesse.george6002@gmail.com,,,
5dbbb3fa-0eea-453a-ab83-36cc06feb101,Jesse,George,jesse.george6002@gmail.com,,,
5dbbb3fa-0eea-453a-ab83-36cc06feb101,Jesse,George,jesse.george6002@gmail.com,,,
d9e9193b-dc57-43b0-a53b-509a731f79ca,John,Grist,f3bebb59-20f2-4812-bb0c-e79281d6486a@example.com,,,
d9e9193b-dc57-43b0-a53b-509a731f79ca,John,Grist,f3bebb59-20f2-4812-bb0c-e79281d6486a@example.com,,,
d9e9193b-dc57-43b0-a53b-509a731f79ca,John,Grist,f3bebb59-20f2-4812-bb0c-e79281d6486a@example.com,,,
d9e9193b-dc57-43b0-a53b-509a731f79ca,John,Grist,f3bebb59-20f2-4812-bb0c-e79281d6486a@example.com,,,
d9e9193b-dc57-43b0-a53b-509a731f79ca,John,Grist,f3bebb59-20f2-4812-bb0c-e79281d6486a@example.com,,,
a1185cac-7772-4e66-9ae9-380715537f36,Jonas ,Creach,97cd6048-3c9e-4288-b313-c37bc17bdca8@example.com,,,
463765cf-eb99-4f13-bc0e-eb06909115d7,Justin,Wall,f6051616-575a-4acd-86a8-4b3a44100228@example.com,,,
463765cf-eb99-4f13-bc0e-eb06909115d7,Justin,Wall,f6051616-575a-4acd-86a8-4b3a44100228@example.com,,,
463765cf-eb99-4f13-bc0e-eb06909115d7,Justin,Wall,f6051616-575a-4acd-86a8-4b3a44100228@example.com,,,
463765cf-eb99-4f13-bc0e-eb06909115d7,Justin,Wall,f6051616-575a-4acd-86a8-4b3a44100228@example.com,,,
463765cf-eb99-4f13-bc0e-eb06909115d7,Justin,Wall,f6051616-575a-4acd-86a8-4b3a44100228@example.com,,,
463765cf-eb99-4f13-bc0e-eb06909115d7,Justin,Wall,f6051616-575a-4acd-86a8-4b3a44100228@example.com,,,
463765cf-eb99-4f13-bc0e-eb06909115d7,Justin,Wall,f6051616-575a-4acd-86a8-4b3a44100228@example.com,,,
463765cf-eb99-4f13-bc0e-eb06909115d7,Justin,Wall,f6051616-575a-4acd-86a8-4b3a44100228@example.com,,,
463765cf-eb99-4f13-bc0e-eb06909115d7,Justin,Wall,f6051616-575a-4acd-86a8-4b3a44100228@example.com,,,
8821b689-fad6-403e-8911-57056d1b0c6b,Kaitlyn,Brown,kaitlyn7004@gmail.com,,,
8821b689-fad6-403e-8911-57056d1b0c6b,Kaitlyn,Brown,kaitlyn7004@gmail.com,,,
8821b689-fad6-403e-8911-57056d1b0c6b,Kaitlyn,Brown,kaitlyn7004@gmail.com,,,
a18360e4-07bf-4b29-8836-3d00de351e30,Lacey,Bouley,laceylemon8@gmail.com,,,
bb071128-41f3-4a67-945e-6c340447b449,Leonel Ivan,Lopez,5d40367d-a400-4d88-aef0-20d9621097bc@example.com,,,
800b7e32-fe53-4826-8eed-4fbfdff3df79,Alexis,Little,alexisnicolelittle20@gmail.com,,,
800b7e32-fe53-4826-8eed-4fbfdff3df79,Alexis,Little,alexisnicolelittle20@gmail.com,,,
800b7e32-fe53-4826-8eed-4fbfdff3df79,Alexis,Little,alexisnicolelittle20@gmail.com,,,
800b7e32-fe53-4826-8eed-4fbfdff3df79,Alexis,Little,alexisnicolelittle20@gmail.com,,,
800b7e32-fe53-4826-8eed-4fbfdff3df79,Alexis,Little,alexisnicolelittle20@gmail.com,,,
800b7e32-fe53-4826-8eed-4fbfdff3df79,Alexis,Little,alexisnicolelittle20@gmail.com,,,
800b7e32-fe53-4826-8eed-4fbfdff3df79,Alexis,Little,alexisnicolelittle20@gmail.com,,,
800b7e32-fe53-4826-8eed-4fbfdff3df79,Alexis,Little,alexisnicolelittle20@gmail.com,,,
800b7e32-fe53-4826-8eed-4fbfdff3df79,Alexis,Little,alexisnicolelittle20@gmail.com,,,
a9cc347a-41ca-4393-b370-17b5a565cb56,Lilly,Chester,lillianchester@icloud.com,,,
a9cc347a-41ca-4393-b370-17b5a565cb56,Lilly,Chester,lillianchester@icloud.com,,,
a9cc347a-41ca-4393-b370-17b5a565cb56,Lilly,Chester,lillianchester@icloud.com,,,
a407d349-f3a3-4354-a6c8-704a40f13e90,Low,Bar,ddcdeefb-bcce-4076-a941-bf2edddffb07@example.com,,,
2c2cbd71-87ea-491b-89c4-a9b7b2a08ced,Makenzie,Smith,kenziesmith011@gmail.com,,,
2c2cbd71-87ea-491b-89c4-a9b7b2a08ced,Makenzie,Smith,kenziesmith011@gmail.com,,,
2c2cbd71-87ea-491b-89c4-a9b7b2a08ced,Makenzie,Smith,kenziesmith011@gmail.com,,,
c47c5d4e-730e-4189-93ea-16fb23ae3702,Maliha,Laui,99c1d457-a0dc-4541-b261-f29322cf6506@example.com,,,
b1f7e3c2-39ca-44e1-b2a3-1750a4c797aa,Martha,Charbonneau,05fd0852-563a-4ba4-b0b7-81618a88d27f@example.com,,,
b1f7e3c2-39ca-44e1-b2a3-1750a4c797aa,Martha,Charbonneau,05fd0852-563a-4ba4-b0b7-81618a88d27f@example.com,,,
b1f7e3c2-39ca-44e1-b2a3-1750a4c797aa,Martha,Charbonneau,05fd0852-563a-4ba4-b0b7-81618a88d27f@example.com,,,
b1f7e3c2-39ca-44e1-b2a3-1750a4c797aa,Martha,Charbonneau,05fd0852-563a-4ba4-b0b7-81618a88d27f@example.com,,,
b1f7e3c2-39ca-44e1-b2a3-1750a4c797aa,Martha,Charbonneau,05fd0852-563a-4ba4-b0b7-81618a88d27f@example.com,,,
096b76cc-b733-42cf-849c-a9f32b1b34c3,Mattilyn,Lewis,3105eca2-18fe-4057-bfc7-376ca7520e01@example.com,,,
096b76cc-b733-42cf-849c-a9f32b1b34c3,Mattilyn,Lewis,3105eca2-18fe-4057-bfc7-376ca7520e01@example.com,,,
096b76cc-b733-42cf-849c-a9f32b1b34c3,Mattilyn,Lewis,3105eca2-18fe-4057-bfc7-376ca7520e01@example.com,,,
096b76cc-b733-42cf-849c-a9f32b1b34c3,Mattilyn,Lewis,3105eca2-18fe-4057-bfc7-376ca7520e01@example.com,,,
096b76cc-b733-42cf-849c-a9f32b1b34c3,Mattilyn,Lewis,3105eca2-18fe-4057-bfc7-376ca7520e01@example.com,,,
096b76cc-b733-42cf-849c-a9f32b1b34c3,Mattilyn,Lewis,3105eca2-18fe-4057-bfc7-376ca7520e01@example.com,,,
096b76cc-b733-42cf-849c-a9f32b1b34c3,Mattilyn,Lewis,3105eca2-18fe-4057-bfc7-376ca7520e01@example.com,,,
62189c0f-65c5-4a4f-9574-1725a6e15cab,Megan,Esquibel,mmw8502@yahoo.com,,,
c31481ab-877b-4ce7-99f1-0245a2ec55af,Megan,Nevins,23e9ae81-1a2a-469d-b068-ce9028d00f3c@example.com,,,
c31481ab-877b-4ce7-99f1-0245a2ec55af,Megan,Nevins,23e9ae81-1a2a-469d-b068-ce9028d00f3c@example.com,,,
c31481ab-877b-4ce7-99f1-0245a2ec55af,Megan,Nevins,23e9ae81-1a2a-469d-b068-ce9028d00f3c@example.com,,,
c31481ab-877b-4ce7-99f1-0245a2ec55af,Megan,Nevins,23e9ae81-1a2a-469d-b068-ce9028d00f3c@example.com,,,
c31481ab-877b-4ce7-99f1-0245a2ec55af,Megan,Nevins,23e9ae81-1a2a-469d-b068-ce9028d00f3c@example.com,,,
6d9082f5-0cc9-4116-9007-31d7f765bdcd,Melissa,Mahurin,melissa.mahurin22@gmail.com,,,
6d9082f5-0cc9-4116-9007-31d7f765bdcd,Melissa,Mahurin,melissa.mahurin22@gmail.com,,,
8097e66d-3206-407e-871f-151109d0a286,Myrna,Fuentes,myrnafnts3@gmail.com,,,
8eae08e9-e1db-462f-ab81-b55ccd46c66c,Natasha,Stemmler,natstemm21@gmail.com,,,
8eae08e9-e1db-462f-ab81-b55ccd46c66c,Natasha,Stemmler,natstemm21@gmail.com,,,
8eae08e9-e1db-462f-ab81-b55ccd46c66c,Natasha,Stemmler,natstemm21@gmail.com,,,
02de1912-5e84-413d-8834-2ae4c83e8ad1,Fortunata,Hernandez Lopez,97d10aff-52d9-4087-adcd-ec4b3b988588@example.com,,,
7f448b97-564b-4592-a74d-05de89626be5,Nicole,Rascoe,nikkidoo21@gmail.com,,,
7f448b97-564b-4592-a74d-05de89626be5,Nicole,Rascoe,nikkidoo21@gmail.com,,,
7f448b97-564b-4592-a74d-05de89626be5,Nicole,Rascoe,nikkidoo21@gmail.com,,,
4a0bfce4-93c3-41ca-b201-bdb5264150da,Richard,Adkins,ef0e31ab-df2a-45e4-9fb0-270f5f8e83fe@example.com,,,
184fd1a5-9348-4b90-81f6-2f781104b029,Rachael,Swalley,redburns622@gmail.com,,,
184fd1a5-9348-4b90-81f6-2f781104b029,Rachael,Swalley,redburns622@gmail.com,,,
184fd1a5-9348-4b90-81f6-2f781104b029,Rachael,Swalley,redburns622@gmail.com,,,
c6685090-9ed1-4c65-af2c-5abde9ba06ee,Rachael,Smith,rachaelcsmith4506@gmail.com,,,
c6685090-9ed1-4c65-af2c-5abde9ba06ee,Rachael,Smith,rachaelcsmith4506@gmail.com,,,
c6685090-9ed1-4c65-af2c-5abde9ba06ee,Rachael,Smith,rachaelcsmith4506@gmail.com,,,
18ae440b-34ef-44ad-964b-6198a337871f,Richard,Call,872c67da-be1e-434a-bf09-6446f3f339a2@example.com,,,
dc348c3a-c040-4f51-878f-c6770b193a34,Robert,Meacher,robertmeacher@hotmail.com,,,
09af321c-dd5d-412e-988f-10ec6b9f0844,Sandra,Rutledge,sandyrutledge69@gmail.com,,,
aedde1cf-1fcd-4fd7-825f-9ea4d5ed0445,Sheri,Hopkins Ehase,srhease@yahoo.com,,,
f6a2c5dd-f81b-46ca-a907-8a78ef87cad0,Tyler,Wohlgemut,e078cac3-4ae3-4d0d-bc78-cb959df8195c@example.com,,,
76d183a6-356a-417b-8564-fdc09d322307,Tessa,Colonius,tessacolonius@yahoo.com,,,
76d183a6-356a-417b-8564-fdc09d322307,Tessa,Colonius,tessacolonius@yahoo.com,,,
76d183a6-356a-417b-8564-fdc09d322307,Tessa,Colonius,tessacolonius@yahoo.com,,,
76d183a6-356a-417b-8564-fdc09d322307,Tessa,Colonius,tessacolonius@yahoo.com,,,
76d183a6-356a-417b-8564-fdc09d322307,Tessa,Colonius,tessacolonius@yahoo.com,,,
76d183a6-356a-417b-8564-fdc09d322307,Tessa,Colonius,tessacolonius@yahoo.com,,,
62292d33-92a7-4a4a-95ac-49420fc6ee60,Timothy,Denning,cd7a412d-38bd-4d48-8f37-4d5be498a718@example.com,,,
62292d33-92a7-4a4a-95ac-49420fc6ee60,Timothy,Denning,cd7a412d-38bd-4d48-8f37-4d5be498a718@example.com,,,
dd7346d6-9d0a-48ec-a348-8aa9a500228a,Thomas,Shull,1f3b8db3-36d9-42a3-8eb6-258409872af5@example.com,,,
cebc7485-cef1-4d6e-a1b1-02e53a82a09d,Trish,Vernon,trish@jbhooks.com,,,
2bbd20b4-ce17-43a9-9b8c-882ee4ceadd9,Tyler,Walker,tylerwalker_08@yahoo.com,,,
cd755a80-176f-4f1c-a655-f2df00033edd,William,Scott,52be3509-6b85-4f56-9acc-50c02786dc0e@example.com,,,
762074eb-4acf-4d44-a320-b9444ef922d7,William,Hagebuch,958561ed-c258-4895-9294-77ccae502578@example.com,,,
99471821-097f-4c98-a45c-f98b18fc1925,Wyatt,Vanpelt,083f273e-dff7-4ac6-8d1d-27fce1a01111@example.com,,,
99471821-097f-4c98-a45c-f98b18fc1925,Wyatt,Vanpelt,083f273e-dff7-4ac6-8d1d-27fce1a01111@example.com,,,
99471821-097f-4c98-a45c-f98b18fc1925,Wyatt,Vanpelt,083f273e-dff7-4ac6-8d1d-27fce1a01111@example.com,,,
99471821-097f-4c98-a45c-f98b18fc1925,Wyatt,Vanpelt,083f273e-dff7-4ac6-8d1d-27fce1a01111@example.com,,,
99471821-097f-4c98-a45c-f98b18fc1925,Wyatt,Vanpelt,083f273e-dff7-4ac6-8d1d-27fce1a01111@example.com,,,
99471821-097f-4c98-a45c-f98b18fc1925,Wyatt,Vanpelt,083f273e-dff7-4ac6-8d1d-27fce1a01111@example.com,,,
3742d852-be1b-4689-a002-0abbe3a33a0a,Blake,McCollum,aiequiped@gmail.com,,,
3742d852-be1b-4689-a002-0abbe3a33a0a,Blake,McCollum,aiequiped@gmail.com,,,
3742d852-be1b-4689-a002-0abbe3a33a0a,Blake,McCollum,aiequiped@gmail.com,,,
3742d852-be1b-4689-a002-0abbe3a33a0a,Blake,McCollum,aiequiped@gmail.com,,,
3742d852-be1b-4689-a002-0abbe3a33a0a,Blake,McCollum,aiequiped@gmail.com,,,
3742d852-be1b-4689-a002-0abbe3a33a0a,Blake,McCollum,aiequiped@gmail.com,,,
55ca1a8a-bf1e-4dd3-962e-f4b98d4b3ffc,Emin,Mehmet,eminkoksel@gmail.com,,,
a0d3347c-ecde-4de8-ae79-4334a6118e92,Margo,Arauz,margo@jbhooks.com,,,
1dfdcb98-7594-4707-b531-255de02bbfb0,Bruce J,Elliott,bruce@jbhooks.com,,,
4e083c0e-a851-482b-84b5-ee1d6bde1240,Hunter,Deters,6cfe55b2-110f-4fd4-9c7f-3afe7519e725@example.com,,,
4e083c0e-a851-482b-84b5-ee1d6bde1240,Hunter,Deters,6cfe55b2-110f-4fd4-9c7f-3afe7519e725@example.com,,,
4e083c0e-a851-482b-84b5-ee1d6bde1240,Hunter,Deters,6cfe55b2-110f-4fd4-9c7f-3afe7519e725@example.com,,,
22470d72-f70f-49dd-8c5e-5d22d4e9b2fe,Jackie,Denning,838ad17a-5459-471f-808d-72072b8698b5@example.com,,,
22470d72-f70f-49dd-8c5e-5d22d4e9b2fe,Jackie,Denning,838ad17a-5459-471f-808d-72072b8698b5@example.com,,,
22470d72-f70f-49dd-8c5e-5d22d4e9b2fe,Jackie,Denning,838ad17a-5459-471f-808d-72072b8698b5@example.com,,,
22470d72-f70f-49dd-8c5e-5d22d4e9b2fe,Jackie,Denning,838ad17a-5459-471f-808d-72072b8698b5@example.com,,,
22470d72-f70f-49dd-8c5e-5d22d4e9b2fe,Jackie,Denning,838ad17a-5459-471f-808d-72072b8698b5@example.com,,,
22470d72-f70f-49dd-8c5e-5d22d4e9b2fe,Jackie,Denning,838ad17a-5459-471f-808d-72072b8698b5@example.com,,,
5c430dca-31fd-4e88-aa27-29d37a3aa651,Alex,Sparrow,22f0fda4-6878-4581-88eb-830e96629dd6@example.com,,,
7fdb7d8e-9cff-4dda-be3b-2c6cba557386,Alex,Bradley,7383e035-b8c0-452c-b40e-a91b346d4a87@example.com,,,
249c534b-724b-4934-8c1b-fe260f340be8,Anthony ,Lemons,ea2c3446-9f1a-4eeb-b30b-055cfe84d075@example.com,,,
319daced-2921-4310-8cc6-64bee8007e5e,Maxwell,Miller,35585252-43ed-4af6-a606-908f7401fd03@example.com,,,
319daced-2921-4310-8cc6-64bee8007e5e,Maxwell,Miller,35585252-43ed-4af6-a606-908f7401fd03@example.com,,,
319daced-2921-4310-8cc6-64bee8007e5e,Maxwell,Miller,35585252-43ed-4af6-a606-908f7401fd03@example.com,,,
319daced-2921-4310-8cc6-64bee8007e5e,Maxwell,Miller,35585252-43ed-4af6-a606-908f7401fd03@example.com,,,
319daced-2921-4310-8cc6-64bee8007e5e,Maxwell,Miller,35585252-43ed-4af6-a606-908f7401fd03@example.com,,,
319daced-2921-4310-8cc6-64bee8007e5e,Maxwell,Miller,35585252-43ed-4af6-a606-908f7401fd03@example.com,,,
319daced-2921-4310-8cc6-64bee8007e5e,Maxwell,Miller,35585252-43ed-4af6-a606-908f7401fd03@example.com,,,
319daced-2921-4310-8cc6-64bee8007e5e,Maxwell,Miller,35585252-43ed-4af6-a606-908f7401fd03@example.com,,,
88f963d0-1cc5-4243-943f-9f451d8ec715,AM,Bar,38a0c304-8785-4324-8df9-ff3799701b3e@example.com,,,
303eb8b0-2874-4096-9817-9212adb5ac9f,WW,Bar,d7771826-179a-4d3d-a829-16c25be37838@example.com,,,
60f05c5d-f6f7-4181-abce-e2c8715bf521,Ryelynn,Hayes,8a4ce870-c8a1-450f-b013-80353ae960a9@example.com,,,
60f05c5d-f6f7-4181-abce-e2c8715bf521,Ryelynn,Hayes,8a4ce870-c8a1-450f-b013-80353ae960a9@example.com,,,
60f05c5d-f6f7-4181-abce-e2c8715bf521,Ryelynn,Hayes,8a4ce870-c8a1-450f-b013-80353ae960a9@example.com,,,
60f05c5d-f6f7-4181-abce-e2c8715bf521,Ryelynn,Hayes,8a4ce870-c8a1-450f-b013-80353ae960a9@example.com,,,
e636a5f7-2a77-49b7-9d05-94e8b6830deb,Cheri,W,cwestervelt@everscpas.com,,,
0220e465-b839-46f5-b44b-cfcec72627c6,Michael,Arnold,michaelarnold153@gmail.com,,,
74314aa4-ff33-47ee-968b-e110f76cec29,Camryn,Wingate,wingatecamryn8@gmail.com,,,
74314aa4-ff33-47ee-968b-e110f76cec29,Camryn,Wingate,wingatecamryn8@gmail.com,,,
74314aa4-ff33-47ee-968b-e110f76cec29,Camryn,Wingate,wingatecamryn8@gmail.com,,,
74314aa4-ff33-47ee-968b-e110f76cec29,Camryn,Wingate,wingatecamryn8@gmail.com,,,
770dfa52-036b-4235-bd49-2f63a7087ed8,Jarrett,Glissendorf,jarrettgliss@gmail.com,,,
71a344b2-0d6c-4785-9ca6-5fbb2effd3b1,Canon,Copeland,canoncope84@gmail.com,,,
71a344b2-0d6c-4785-9ca6-5fbb2effd3b1,Canon,Copeland,canoncope84@gmail.com,,,
9b4459eb-dd3e-48a9-a77f-3f346a9593eb,Elenore,Fischer ,222eleonore@gmail.com,,,
9b4459eb-dd3e-48a9-a77f-3f346a9593eb,Elenore,Fischer ,222eleonore@gmail.com,,,
9b4459eb-dd3e-48a9-a77f-3f346a9593eb,Elenore,Fischer ,222eleonore@gmail.com,,,
a8ae3778-47cd-4ceb-929c-3a5113373536,Elenore,Fischer ,222eleonore@gmail.com,,,
a8ae3778-47cd-4ceb-929c-3a5113373536,Elenore,Fischer ,222eleonore@gmail.com,,,
a8ae3778-47cd-4ceb-929c-3a5113373536,Elenore,Fischer ,222eleonore@gmail.com,,,
b864f703-bfa1-4809-a233-b13b2d1639b9,Aaron,Logan,ajlogan1998@gmail.com,,,
7d0fe6ce-4735-418c-945c-59c4c5f27049,Noah,Rascoe,8bd1a84b-29bf-4cdc-a321-6f20eb8a3f17@example.com,,,
7d0fe6ce-4735-418c-945c-59c4c5f27049,Noah,Rascoe,8bd1a84b-29bf-4cdc-a321-6f20eb8a3f17@example.com,,,
7d0fe6ce-4735-418c-945c-59c4c5f27049,Noah,Rascoe,8bd1a84b-29bf-4cdc-a321-6f20eb8a3f17@example.com,,,
0fa55bdc-5055-429a-9b03-01c20f7d1d17,KJ,Pageler,kellyptheguy@gmail.com,,,
0fa55bdc-5055-429a-9b03-01c20f7d1d17,KJ,Pageler,kellyptheguy@gmail.com,,,
0fa55bdc-5055-429a-9b03-01c20f7d1d17,KJ,Pageler,kellyptheguy@gmail.com,,,
0fa55bdc-5055-429a-9b03-01c20f7d1d17,KJ,Pageler,kellyptheguy@gmail.com,,,
0fa55bdc-5055-429a-9b03-01c20f7d1d17,KJ,Pageler,kellyptheguy@gmail.com,,,
0fa55bdc-5055-429a-9b03-01c20f7d1d17,KJ,Pageler,kellyptheguy@gmail.com,,,
a6678f2c-a9da-406e-8cb2-a01bdd51113d,Ashley ,Aleshire,ashleyaleshire@ymail.com,,,
fcb14447-94cb-4a5a-bac1-a238f08115f5,ASHLEY,ALESHIRE,afb800c7-972b-4a50-817d-313c6810946a@example.com,,,
fcb14447-94cb-4a5a-bac1-a238f08115f5,ASHLEY,ALESHIRE,afb800c7-972b-4a50-817d-313c6810946a@example.com,,,
fcb14447-94cb-4a5a-bac1-a238f08115f5,ASHLEY,ALESHIRE,afb800c7-972b-4a50-817d-313c6810946a@example.com,,,
fcb14447-94cb-4a5a-bac1-a238f08115f5,ASHLEY,ALESHIRE,afb800c7-972b-4a50-817d-313c6810946a@example.com,,,
fcb14447-94cb-4a5a-bac1-a238f08115f5,ASHLEY,ALESHIRE,afb800c7-972b-4a50-817d-313c6810946a@example.com,,,
a5622102-f51c-4c39-9a55-14655465f36f,JAMIE,MAHLER,4bb47ea7-63df-454b-b7bd-adcb59b04378@example.com,,,
a5622102-f51c-4c39-9a55-14655465f36f,JAMIE,MAHLER,4bb47ea7-63df-454b-b7bd-adcb59b04378@example.com,,,
a5622102-f51c-4c39-9a55-14655465f36f,JAMIE,MAHLER,4bb47ea7-63df-454b-b7bd-adcb59b04378@example.com,,,
a5622102-f51c-4c39-9a55-14655465f36f,JAMIE,MAHLER,4bb47ea7-63df-454b-b7bd-adcb59b04378@example.com,,,
a5622102-f51c-4c39-9a55-14655465f36f,JAMIE,MAHLER,4bb47ea7-63df-454b-b7bd-adcb59b04378@example.com,,,
01ce3f09-6b4b-4842-b3d9-849e13fd5ead,Brandi,Hees,bhees2001@gmail.com,,,
01ce3f09-6b4b-4842-b3d9-849e13fd5ead,Brandi,Hees,bhees2001@gmail.com,,,
01ce3f09-6b4b-4842-b3d9-849e13fd5ead,Brandi,Hees,bhees2001@gmail.com,,,
01ce3f09-6b4b-4842-b3d9-849e13fd5ead,Brandi,Hees,bhees2001@gmail.com,,,
